uid,tag,key,time,did,value,metric,last_modify
6762854051,object_name,2025/02/12/6762854051/850761032_174300.JG2sZ_Qg_cYNPFWboAIZKpVBcrmUUmjMsCC0,1739353380,850761032,ul-j-IFJAUwTuK3Jm8UAMg==,0,1739490676
6762854051,object_name,2025/02/12/6762854051/850761032_063221.9c-rZ_Sg_cYNPFWboAIZKpVBcrmUUmjMsCC0,1739313141,850761032,hUyNs6u2mareXBV3Uaudhg==,0,1739324213
6762854051,object_name,2025/02/12/6762854051/850761032_062238.rs2rZ_Sg_cYNPFWboAIZKpVBcrmUUmjMsCC0,1739312558,850761032,p3aIB06a5Ltc5QBOIPWYlQ==,0,1739324209
6762854051,object_name,2025/02/11/6762854051/850761032_223500.FGCrZ_Qg_cYNPFWboAIZKpVBcrmUUmjMsCC0,1739284500,850761032,xAZjVbjo_AL6EB9NZz4WWg==,0,1739324206
6762854051,object_name,2025/02/11/6762854051/850761032_062940.1H2qZ_Sg_cYNPFWboAIZKpVBcrmUUmjMsCC0,1739226580,850761032,Yy6akEGcp1mH2rh_qwDK0Q==,0,1739284732
6762854051,object_name,2025/02/11/6762854051/850761032_062423.l3yqZ_Sg_cYNPFWboAIZKpVBcrmUUmjMsCC0,1739226263,850761032,ndWZl2TYD3eHMaxyBDcCZw==,0,1739284729
6762854051,object_name,2025/02/10/6762854051/850761032_172600.KMapZ_Qg_cYNPFWboAIZKpVBcrmUUmjMsCC0,1739179560,850761032,hRyalbaaaOy76S9zdz8sog==,0,1739183226
6762854051,object_name,2025/02/10/6762854051/850761032_001400.SNSoZ_Qg_cYNPFWboAIZKpVBcrmUUmjMsCC0,1739117640,850761032,DYC1qKdv6Ifuah78wv1ReA==,0,1739161940
6762854051,object_name,2025/02/08/6762854051/850761032_230554.0nKnZ_Sg_cYNPFWboAIZKpVBcrmUUmjMsCC0,1739027154,850761032,I08_d5noTsRlxJMet0UaVA==,0,1739117813
6762854051,object_name,2025/02/08/6762854051/850761032_225659.u3CnZ_Sg_cYNPFWboAIZKpVBcrmUUmjMsCC0,1739026619,850761032,dLlgYn3W9PgFk8wSLQn-SQ==,0,1739117811
6762854051,object_name,2025/02/08/6762854051/850761032_174800.UCinZ_Qg_cYNPFWboAIZKpVBcrmUUmjMsCC0,1739008080,850761032,99wj4Wj08ljORlRoG0F7HA==,0,1739117808
6762854051,object_name,2025/02/07/6762854051/850761032_210500._ASmZ_Qg_cYNPFWboAIZKpVBcrmUUmjMsCC0,1738933500,850761032,OHAW3La237ySYDhDkJf0AA==,0,1739008397
6762854051,object_name,2025/02/06/6762854051/850761032_224735.h8ukZ_Sg_cYNPFWboAIZKpVBcrmUUmjMsCC0,1738853255,850761032,Mxw3mCPSJ_PLFqPyeuWLTQ==,0,1739008393
6762854051,object_name,2025/02/06/6762854051/850761032_224113.CcqkZ_Sg_cYNPFWboAIZKpVBcrmUUmjMsCC0,1738852873,850761032,3q9v1svFLlLPBf3UzhB40Q==,0,1738853263
6762854051,object_name,2025/02/06/6762854051/850761032_194900.rKGkZ_Qg_cYNPFWboAIZKpVBcrmUUmjMsCC0,1738842540,850761032,O2bcdV6tnWZZc-MqDuCrzw==,0,1738853258
6762854051,object_name,2025/02/06/6762854051/850761032_063513.oeejZ_Sg_cYNPFWboAIZKpVBcrmUUmjMsCC0,1738794913,850761032,JYd5Anttx4HerxH881FyjA==,0,1738853255
6762854051,object_name,2025/02/06/6762854051/850761032_060727.H-GjZ_Sg_cYNPFWboAIZKpVBcrmUUmjMsCC0,1738793247,850761032,veJx556CoXcyjTeiJ1g8TA==,0,1738853253
6762854051,object_name,2025/02/01/6762854051/850761032_222641.IS-eZ_Sg_cYNPFWboAIZKpVBcrmUUmjMsCC0,1738420001,850761032,jyKo1CByrGVYvxsf4u2U0Q==,0,1738425646
6762854051,object_name,2025/02/01/6762854051/850761032_220644.dCqeZ_Sg_cYNPFWboAIZKpVBcrmUUmjMsCC0,1738418804,850761032,eIXS5UGJDlPq9LJv67XN_w==,0,1738425644
6762854051,object_name,2025/02/01/6762854051/850761032_204700.xBeeZ_Qg_cYNPFWboAIZKpVBcrmUUmjMsCC0,1738414020,850761032,1rwvNppSFJR9NyoMg5K4qg==,0,1738425641
6762854051,object_name,2025/02/01/6762854051/850761032_064631.x1KdZ_Sg_cYNPFWboAIZKpVBcrmUUmjMsCC0,1738363591,850761032,g7_cCJWiXPJAf5VgwWI5mQ==,0,1738425639
6762854051,object_name,2025/02/01/6762854051/850761032_062553.8U2dZ_Sg_cYNPFWboAIZKpVBcrmUUmjMsCC0,1738362353,850761032,dwfFgwi6E9SouArqtoDZYg==,0,1738425636
6762854051,object_name,2025/01/30/6762854051/850761032_183900.xFabZ_Qg_cYNPFWboAIZKpVBcrmUUmjMsCC0,1738233540,850761032,mMWCQv8MpEG2ZSSd6E6Uug==,0,1738336484
6762854051,object_name,2025/01/30/6762854051/850761032_071605.tbaaZ_Sg_cYNPFWboAIZKpVBcrmUUmjMsCC0,1738192565,850761032,tos2D9DE8oByasSDXhoj5w==,0,1738336481
6762854051,object_name,2025/01/30/6762854051/850761032_070912.GLWaZ_Sg_cYNPFWboAIZKpVBcrmUUmjMsCC0,1738192152,850761032,bCIFuVDuXWMxeqgsR-VVPw==,0,1738336478
6762854051,object_name,2025/01/28/6762854051/850761032_212300.NNqYZ_Qg_cYNPFWboAIZKpVBcrmUUmjMsCC0,1738070580,850761032,f4vTlYgLXdL_mlbDES6W-A==,0,1738074250
6762854051,object_name,2025/01/28/6762854051/850761032_063706.kgqYZ_Sg_cYNPFWboAIZKpVBcrmUUmjMsCC0,1738017426,850761032,x7v_Ki9AnXzgIDwpEcvEkQ==,0,1738074247
6762854051,object_name,2025/01/28/6762854051/850761032_062647.JwiYZ_Sg_cYNPFWboAIZKpVBcrmUUmjMsCC0,1738016807,850761032,UucOLQXl0FnEHOXFrbWGXA==,0,1738074245
6762854051,object_name,2025/01/27/6762854051/850761032_213100.lIqXZ_Qg_cYNPFWboAIZKpVBcrmUUmjMsCC0,1737984660,850761032,YOjvbutwDjL37us3TtglVA==,0,1738074243
6762854051,object_name,2025/01/26/6762854051/850761032_214800.ED2WZ_Qg_cYNPFWboAIZKpVBcrmUUmjMsCC0,1737899280,850761032,oeviuCrGyokO8VTM945vnw==,0,1737984871
6762854051,object_name,2025/01/26/6762854051/850761032_114454.tq-VZ_Ta_cYNPFWboAIZKpVBcrmUUmjMsCC0,1737863094,850761032,7dK0RpqsjzBI7pVLCKk-Fg==,0,1737867478
6762854051,object_name,2025/01/26/6762854051/850761032_114454.tq-VZ_TY_cYNPFWboAIZKpVBcrmUUmjMsCC0,1737863094,850761032,IlrBIqpVOHYcP_BamBMEAA==,0,1737867475
6762854051,object_name,2025/01/25/6762854051/850761032_212600.aOaUZ_Qg_cYNPFWboAIZKpVBcrmUUmjMsCC0,1737811560,850761032,mewkNEzBFSZCFC9JSeiI_A==,0,1737867472
6762854051,object_name,2025/01/25/6762854051/850761032_074229.ZSWUZ_Sg_cYNPFWboAIZKpVBcrmUUmjMsCC0,1737762149,850761032,CxaDJDYhMjuCaD_fB7Snbg==,0,1737867469
6762854051,object_name,2025/01/25/6762854051/850761032_034232.KO2TZ_Ta_cYNPFWboAIZKpVBcrmUUmjMsCC0,1737747752,850761032,AttLuqv_n6ICGCMSNV3fzg==,0,1737757344
6762854051,object_name,2025/01/25/6762854051/850761032_034232.KO2TZ_TY_cYNPFWboAIZKpVBcrmUUmjMsCC0,1737747752,850761032,_ZI6jM6cGpVbYUnu2arfhg==,0,1737757340
6762854051,object_name,2025/01/24/6762854051/850761032_225700.PKqTZ_Qg_cYNPFWboAIZKpVBcrmUUmjMsCC0,1737730620,850761032,ONg-3eQSzW87tWnGh_4ArA==,0,1737757337
6762854051,object_name,2025/01/22/6762854051/850761032_212900.nPKQZ_Qg_cYNPFWboAIZKpVBcrmUUmjMsCC0,1737552540,850761032,LZg2l1HAEZT9f7pU4oUSbA==,0,1737648546
6762854051,object_name,2025/01/22/6762854051/850761032_073008.AC6QZ_Sg_cYNPFWboAIZKpVBcrmUUmjMsCC0,1737502208,850761032,YaSHya-XVsuHIEyWkFGksg==,0,1737648543
6762854051,object_name,2025/01/21/6762854051/850761032_211000.qJyPZ_Qg_cYNPFWboAIZKpVBcrmUUmjMsCC0,1737465000,850761032,jUolQczP8Ev_nbGf35kdAQ==,0,1737500556
6762854051,object_name,2025/01/21/6762854051/850761032_060518.nsiOZ_Sg_cYNPFWboAIZKpVBcrmUUmjMsCC0,1737410718,850761032,swI5UlfOo7kESN316gti5Q==,0,1737500553
6762854051,object_name,2025/01/21/6762854051/850761032_054908.1MSOZ_Sg_cYNPFWboAIZKpVBcrmUUmjMsCC0,1737409748,850761032,Q1hIRWYNQ_ji3vnzmQWxew==,0,1737410718
6762854051,object_name,2025/01/20/6762854051/850761032_213600.QFGOZ_Qg_cYNPFWboAIZKpVBcrmUUmjMsCC0,1737380160,850761032,VKfuspo_NxliXQ43QHkoog==,0,1737410715
6762854051,object_name,2025/01/20/6762854051/850761032_021411.80CNZ_Ta_cYNPFWboAIZKpVBcrmUUmjMsCC0,1737310451,850761032,2xs_lSIM1zvHkw2H3rJa4A==,0,1737320360
6762854051,object_name,2025/01/20/6762854051/850761032_021411.80CNZ_TY_cYNPFWboAIZKpVBcrmUUmjMsCC0,1737310451,850761032,-JWsHsD-TWdnGrjHUvZWiw==,0,1737320355
6762854051,object_name,2025/01/19/6762854051/850761032_170900.LMGMZ_Qg_cYNPFWboAIZKpVBcrmUUmjMsCC0,1737277740,850761032,wOWWfbFydQv3sLmu3PMtDg==,0,1737309742
6762854051,object_name,2025/01/18/6762854051/850761032_230900.DMSLZ_Qg_cYNPFWboAIZKpVBcrmUUmjMsCC0,1737212940,850761032,VAizQHZhrqt-0GoxNZYvAQ==,0,1737309738
6762854051,object_name,2025/01/18/6762854051/850761032_034613.hbOKZ_Sg_cYNPFWboAIZKpVBcrmUUmjMsCC0,1737143173,850761032,oh5B6juvFePVQ2Py-4XWMw==,0,1737212998
6762854051,object_name,2025/01/18/6762854051/850761032_031936.SK2KZ_Sg_cYNPFWboAIZKpVBcrmUUmjMsCC0,1737141576,850761032,oq3eVp8dmLqf-jNv2KkwEA==,0,1737212995
6762854051,object_name,2025/01/17/6762854051/850761032_213600.wFyKZ_Qg_cYNPFWboAIZKpVBcrmUUmjMsCC0,1737120960,850761032,8ftSuR1i55OjPRMEEiUyYg==,0,1737212993
6762854051,object_name,2025/01/16/6762854051/850761032_184800.4OOIZ_Qg_cYNPFWboAIZKpVBcrmUUmjMsCC0,1737024480,850761032,GJoipnY03rxK-twzFWXSZg==,0,1737121322
6762854051,object_name,2025/01/16/6762854051/850761032_074309.DUiIZ_S4_cYNPFWboAIZKpVBcrmUUmjMsCC0,1736984589,850761032,6lZZDWcwbFjo5dks1lMQXw==,0,1737024365
6762854051,object_name,2025/01/16/6762854051/850761032_060939.IzKIZ_Sg_cYNPFWboAIZKpVBcrmUUmjMsCC0,1736978979,850761032,rQEdZTmXVrqrgZXA2tFgdQ==,0,1737024361
6762854051,object_name,2025/01/15/6762854051/850761032_211700.TLWHZ_Qg_cYNPFWboAIZKpVBcrmUUmjMsCC0,1736947020,850761032,pqLrrZgNgIixUyBHSoFF4Q==,0,1737024358
6762854051,object_name,2025/01/15/6762854051/850761032_071625.SfCGZ_Sg_cYNPFWboAIZKpVBcrmUUmjMsCC0,1736896585,850761032,mwRU829lOMwko-Kh-Tth1Q==,0,1736912783
6762854051,object_name,2025/01/15/6762854051/850761032_070821.Ze6GZ_Sg_cYNPFWboAIZKpVBcrmUUmjMsCC0,1736896101,850761032,Bs7o-bLRTrmTAOzdm3l7nw==,0,1736912781
6762854051,object_name,2025/01/14/6762854051/850761032_210800.sGGGZ_Qg_cYNPFWboAIZKpVBcrmUUmjMsCC0,1736860080,850761032,lYDLD_0w7OM_cYmN3PRAnQ==,0,1736912777
6762854051,object_name,2025/01/14/6762854051/850761032_061019.S4-FZ_Sg_cYNPFWboAIZKpVBcrmUUmjMsCC0,1736806219,850761032,0AJSnMDf3vioGnZkutHK7A==,0,1736861032
6762854051,object_name,2025/01/13/6762854051/850761032_212100.PBOFZ_Qg_cYNPFWboAIZKpVBcrmUUmjMsCC0,1736774460,850761032,YrfN1L9CH40y50YNKI9QHg==,0,1736861029
6762854051,object_name,2025/01/12/6762854051/850761032_213600.QMWDZ_Qg_cYNPFWboAIZKpVBcrmUUmjMsCC0,1736688960,850761032,quhOLsaO-scqANEpQXiefg==,0,1736774445
6762854051,object_name,2025/01/12/6762854051/850761032_031129.YcKCZ_Sg_cYNPFWboAIZKpVBcrmUUmjMsCC0,1736622689,850761032,ukLjpIfsL2O-bKbfAoeOBw==,0,1736774442
6762854051,object_name,2025/01/11/6762854051/850761032_213100.lHKCZ_Qg_cYNPFWboAIZKpVBcrmUUmjMsCC0,1736602260,850761032,xtRXMOshfHW-Vo21JmLBVQ==,0,1736626511
6762854051,object_name,2025/01/11/6762854051/850761032_060401.UZmBZ_Sg_cYNPFWboAIZKpVBcrmUUmjMsCC0,1736546641,850761032,L_C19BotGvteuGZ1XLRZ_Q==,0,1736626509
6762854051,object_name,2025/01/11/6762854051/850761032_055748.3JeBZ_Sg_cYNPFWboAIZKpVBcrmUUmjMsCC0,1736546268,850761032,PZ8xr83F1BHMX_JWKSJIGw==,0,1736626506
6762854051,object_name,2025/01/10/6762854051/850761032_232400.kDuBZ_Qg_cYNPFWboAIZKpVBcrmUUmjMsCC0,1736522640,850761032,nbmt0-W2QUU7uMwt-QzSbg==,0,1736626503
6762854051,object_name,2025/01/09/6762854051/850761032_214300.ZNJ_Z_Qg_cYNPFWboAIZKpVBcrmUUmjMsCC0,1736430180,850761032,QHTDmR2RUwCPwxtz6DSGRQ==,0,1736522687
6762854051,object_name,2025/01/09/6762854051/850761032_065932.VAN_Z_S4_cYNPFWboAIZKpVBcrmUUmjMsCC0,1736377172,850761032,kTJmBj9W5Q21pS5EGLtXOA==,0,1736912789
6762854051,object_name,2025/01/09/6762854051/850761032_053257.Ce9-Z_Sg_cYNPFWboAIZKpVBcrmUUmjMsCC0,1736371977,850761032,-uoIi62sUzswqBHvI4x6Ew==,0,1736912792
6762854051,object_name,2025/01/09/6762854051/850761032_051845.tet-Z_Sg_cYNPFWboAIZKpVBcrmUUmjMsCC0,1736371125,850761032,WQek1WqBcGTQV6ZxpkPZZg==,0,1736912795
6762854051,object_name,2025/01/08/6762854051/850761032_194500.PGV-Z_Qg_cYNPFWboAIZKpVBcrmUUmjMsCC0,1736336700,850761032,TxOoEhd-eOitCA6i0wJ0pA==,0,1736430342
6762854051,object_name,2025/01/08/6762854051/850761032_050031.75V9Z_Sg_cYNPFWboAIZKpVBcrmUUmjMsCC0,1736283631,850761032,GQVBhf0cswj7iZL5CXPbtA==,0,1736336493
6762854051,object_name,2025/01/07/6762854051/850761032_203800.KCB9Z_Qg_cYNPFWboAIZKpVBcrmUUmjMsCC0,1736253480,850761032,D9iSa94JYxb0MXY2kMbeMQ==,0,1736336483
6762854051,object_name,2025/01/07/6762854051/850761032_054205.LU58Z_Sg_cYNPFWboAIZKpVBcrmUUmjMsCC0,1736199725,850761032,-dN12nO5ZERbAm4dzqKuSQ==,0,1736221958
6762854051,object_name,2025/01/06/6762854051/850761032_204600.iNB7Z_Qg_cYNPFWboAIZKpVBcrmUUmjMsCC0,1736167560,850761032,vc29n9utxWn88lfn2J_u2w==,0,1736221954
6762854051,object_name,2025/01/05/6762854051/850761032_213900.dIt6Z_Qg_cYNPFWboAIZKpVBcrmUUmjMsCC0,1736084340,850761032,sVSiiGMqfJvG0mS3rpbGkQ==,0,1736131382
6762854051,object_name,2025/01/04/6762854051/850761032_221441.UUJ5Z_Sg_cYNPFWboAIZKpVBcrmUUmjMsCC0,1736000081,850761032,rquR9P9RCUWa0Bf-cUdJ_g==,0,1736131376
6762854051,object_name,2025/01/04/6762854051/850761032_201300.zCV5Z_Qg_cYNPFWboAIZKpVBcrmUUmjMsCC0,1735992780,850761032,uRUy9tbtXswrCwkMiFCnsA==,0,1736131379
6762854051,object_name,2025/01/03/6762854051/850761032_162600.GJ93Z_Qg_cYNPFWboAIZKpVBcrmUUmjMsCC0,1735892760,850761032,LBdFfaTb3C5AfooyKoRJ2g==,0,1736021585
6762854051,object_name,2025/01/02/6762854051/850761032_214400.IJh2Z_Sg_cYNPFWboAIZKpVBcrmUUmjMsCC0,1735825440,850761032,9EfyORCnx1xRptZTy1zSuQ==,0,1735833028
6762854051,object_name,2025/01/02/6762854051/850761032_212936.wJR2Z_Sg_cYNPFWboAIZKpVBcrmUUmjMsCC0,1735824576,850761032,E8xOvwai8xRm1motqf7WDw==,0,1735833025
6762854051,object_name,2025/01/02/6762854051/850761032_200700.ZIF2Z_Qg_cYNPFWboAIZKpVBcrmUUmjMsCC0,1735819620,850761032,xUEJQn7vkPSEwSYu46NFSA==,0,1735833022
6762854051,object_name,2025/01/02/6762854051/850761032_010900.rHZ1Z_Qg_cYNPFWboAIZKpVBcrmUUmjMsCC0,1735751340,850761032,6mm9SvHoXmmmqWGrgk_8aQ==,0,1735833020
6762854051,object_name,2024/12/31/6762854051/850761032_214431.P_VzZ_Sg_cYNPFWboAIZKpVBcrmUUmjMsCC0,1735652671,850761032,zieeGx3cqvDwRasjKaL_Fw==,0,1735739880
6762854051,object_name,2024/12/31/6762854051/850761032_201600.gOBzZ_Qg_cYNPFWboAIZKpVBcrmUUmjMsCC0,1735647360,850761032,6vIo_5LOnfIVW1SY88yo5g==,0,1735651031
6762854051,object_name,2024/12/31/6762854051/850761032_043345.qQNzZ_Sg_cYNPFWboAIZKpVBcrmUUmjMsCC0,1735590825,850761032,dtUl2TzGQc19a45pRJXX3g==,0,1735651028
6762854051,object_name,2024/12/30/6762854051/850761032_204700.RJZyZ_Qg_cYNPFWboAIZKpVBcrmUUmjMsCC0,1735562820,850761032,sdqxaKljWnSHKng8gPWUNg==,0,1735651025
6762854051,object_name,2024/12/29/6762854051/850761032_195100.pDdxZ_Qg_cYNPFWboAIZKpVBcrmUUmjMsCC0,1735473060,850761032,6qNz8U6JDxmjC-J4vOGTHQ==,0,1735562971
6762854051,object_name,2024/12/29/6762854051/850761032_054200.qHBwZ_Qg_cYNPFWboAIZKpVBcrmUUmjMsCC0,1735422120,850761032,mV6JN0Phc-pW6JX9e6uoKQ==,0,1735426012
6762854051,object_name,2024/12/28/6762854051/850761032_212343.3_tvZ_Sg_cYNPFWboAIZKpVBcrmUUmjMsCC0,1735392223,850761032,TFs_P1wt-hpXmt2FytSTAw==,0,1735426008
6762854051,object_name,2024/12/28/6762854051/850761032_192300.lN9vZ_Qg_cYNPFWboAIZKpVBcrmUUmjMsCC0,1735384980,850761032,M3CEk02Q9ItBqQ1LFEXU6Q==,0,1735426006
6762854051,object_name,2024/12/28/6762854051/850761032_052449.IRtvZ_Sg_cYNPFWboAIZKpVBcrmUUmjMsCC0,1735334689,850761032,0DZhozNQ6dJcdtNT2gPXFg==,0,1735336225
6762854051,object_name,2024/12/27/6762854051/850761032_212200.-KluZ_Qg_cYNPFWboAIZKpVBcrmUUmjMsCC0,1735305720,850761032,5BnA-CuqN9L2sSsoLZBbIA==,0,1735336223
6762854051,object_name,2024/12/27/6762854051/850761032_074425.WeptZ_Sg_cYNPFWboAIZKpVBcrmUUmjMsCC0,1735256665,850761032,4ZfL6BJNfjqfD2bBtBXPvw==,0,1735336220
6762854051,object_name,2024/12/27/6762854051/850761032_071236.5OJtZ_Sg_cYNPFWboAIZKpVBcrmUUmjMsCC0,1735254756,850761032,2-k96Y8J9SkZHi4EUpffaQ==,0,1735336217
6762854051,object_name,2024/12/27/6762854051/850761032_065613.Dd9tZ_Sg_cYNPFWboAIZKpVBcrmUUmjMsCC0,1735253773,850761032,Q_990bRyUmAorptj4YoiPg==,0,1735336215
6762854051,object_name,2024/12/26/6762854051/850761032_221542.DmVtZ_Sg_cYNPFWboAIZKpVBcrmUUmjMsCC0,1735222542,850761032,RPSFndOMpdhbP8K_gHMpBQ==,0,1735228363
6762854051,object_name,2024/12/26/6762854051/850761032_215947.U2FtZ_Sg_cYNPFWboAIZKpVBcrmUUmjMsCC0,1735221587,850761032,JjgXUm8oqY7EllCzCEC-xw==,0,1735228360
6762854051,object_name,2024/12/26/6762854051/850761032_204000.oE5tZ_Qg_cYNPFWboAIZKpVBcrmUUmjMsCC0,1735216800,850761032,QuRZqn5UxEYQAKBB9oHwGw==,0,1735228358
6762854051,object_name,2024/12/25/6762854051/850761032_233300.rCVsZ_Qg_cYNPFWboAIZKpVBcrmUUmjMsCC0,1735140780,850761032,UJeE4anjCFBjPeAOvKM3Ig==,0,1735228355
6762854051,object_name,2024/12/24/6762854051/850761032_212857.GbdqZ_Sg_cYNPFWboAIZKpVBcrmUUmjMsCC0,1735046937,850761032,K8OQ_MIUtQIZJAG-dGiU7w==,0,1735054357
6762854051,object_name,2024/12/24/6762854051/850761032_211422.rrNqZ_Sg_cYNPFWboAIZKpVBcrmUUmjMsCC0,1735046062,850761032,RJVEVRJwSnOLdR4sIha9rA==,0,1735054355
6762854051,object_name,2024/12/24/6762854051/850761032_195600.UKFqZ_Qg_cYNPFWboAIZKpVBcrmUUmjMsCC0,1735041360,850761032,Ws47oohXLer4zJCB66w6Ww==,0,1735054352
6762854051,object_name,2024/12/24/6762854051/850761032_035228.fL9pZ_Sg_cYNPFWboAIZKpVBcrmUUmjMsCC0,1734983548,850761032,GRJddArmtIU7-ACWX2MQAQ==,0,1735054349
6762854051,object_name,2024/12/23/6762854051/850761032_210600.OGBpZ_Qg_cYNPFWboAIZKpVBcrmUUmjMsCC0,1734959160,850761032,-WodN_oLQveAEEITJ1JM9g==,0,1734962827
6762854051,object_name,2024/12/22/6762854051/850761032_201500.xAJoZ_Qg_cYNPFWboAIZKpVBcrmUUmjMsCC0,1734869700,850761032,i5X4VRCBddBNgpVKkbm8Eg==,0,1734873369
6762854051,object_name,2024/12/21/6762854051/850761032_204700.xLhmZ_Qg_cYNPFWboAIZKpVBcrmUUmjMsCC0,1734785220,850761032,fOhs7PN0JsVvwrstcoXmzQ==,0,1734873367
6762854051,object_name,2024/12/20/6762854051/850761032_172600.KDhlZ_Qg_cYNPFWboAIZKpVBcrmUUmjMsCC0,1734686760,850761032,_c3xJBzBVTbQL90VizsHCg==,0,1734785383
6762854051,object_name,2024/12/19/6762854051/850761032_173700.POljZ_Qg_cYNPFWboAIZKpVBcrmUUmjMsCC0,1734601020,850761032,h3qOZ-E1_WlwamGxBTBGUg==,0,1734686789
6762854051,object_name,2024/12/19/6762854051/850761032_071742.FlhjZ_Sg_cYNPFWboAIZKpVBcrmUUmjMsCC0,1734563862,850761032,Jtv65o6mRtQlAU74dk0GIw==,0,1734590228
6762854051,object_name,2024/12/19/6762854051/850761032_070044.HFRjZ_Sg_cYNPFWboAIZKpVBcrmUUmjMsCC0,1734562844,850761032,muYtbshPfwE5g2xmePGXMA==,0,1734590225
6762854051,object_name,2024/12/18/6762854051/850761032_181800.WKFiZ_Qg_cYNPFWboAIZKpVBcrmUUmjMsCC0,1734517080,850761032,YCxhRljjqbF2v7CH-WxOSg==,0,1735449868
6762854051,object_name,2024/12/18/6762854051/850761032_055921.OfRhZ_Sg_cYNPFWboAIZKpVBcrmUUmjMsCC0,1734472761,850761032,07mhZCc0lbrXpo3YT3bq0w==,0,1734481565
6762854051,object_name,2024/12/17/6762854051/850761032_185200.0FdhZ_Qg_cYNPFWboAIZKpVBcrmUUmjMsCC0,1734432720,850761032,Yf32JXwoyC7HU2lvCJO5Jg==,0,1734481563
6762854051,object_name,2024/12/17/6762854051/850761032_065718.TrBgZ_Sg_cYNPFWboAIZKpVBcrmUUmjMsCC0,1734389838,850761032,OeMcy1eiJKRG50R-yPOghw==,0,1734481560
6762854051,object_name,2024/12/17/6762854051/850761032_064706.6q1gZ_Sg_cYNPFWboAIZKpVBcrmUUmjMsCC0,1734389226,850761032,Ae7BLZoM-DQw9n6l1qqdJA==,0,1734389841
6762854051,object_name,2024/12/16/6762854051/850761032_174300.JPZfZ_Qg_cYNPFWboAIZKpVBcrmUUmjMsCC0,1734342180,850761032,4H9FO_jzqlkXMphqO6EXVA==,0,1734389839
6762854051,object_name,2024/12/15/6762854051/850761032_214500.XN1eZ_Qg_cYNPFWboAIZKpVBcrmUUmjMsCC0,1734270300,850761032,DADVWFopdW18brMb1F0Utw==,0,1734389837
6762854051,object_name,2024/12/14/6762854051/850761032_210831.T4NdZ_Sg_cYNPFWboAIZKpVBcrmUUmjMsCC0,1734181711,850761032,TtWskqjWzADRiOT8CcnOAQ==,0,1734269923
6762854051,object_name,2024/12/14/6762854051/850761032_210056.iIFdZ_Sg_cYNPFWboAIZKpVBcrmUUmjMsCC0,1734181256,850761032,KddRiP7RI4k0_9MfGGLKzQ==,0,1734269919
6762854051,object_name,2024/12/14/6762854051/850761032_200000.QHNdZ_Qg_cYNPFWboAIZKpVBcrmUUmjMsCC0,1734177600,850761032,WP7-yRGM9P9vFIvoFTckFA==,0,1734269916
6762854051,object_name,2024/12/14/6762854051/850761032_042353.2ZdcZ_Sg_cYNPFWboAIZKpVBcrmUUmjMsCC0,1734121433,850761032,Myg_BzaLlTdHFyBnHYzdGw==,0,1734177619
6762854051,object_name,2024/12/13/6762854051/850761032_174300.pAFcZ_Qg_cYNPFWboAIZKpVBcrmUUmjMsCC0,1734082980,850761032,P_V4ZHQs9I6hjMO6qmrpnQ==,0,1734177616
6762854051,object_name,2024/12/12/6762854051/850761032_173400.CK5aZ_Qg_cYNPFWboAIZKpVBcrmUUmjMsCC0,1733996040,850761032,g37Duy8ECS9h5XTVxYUB1Q==,0,1734069192
6762854051,object_name,2024/12/11/6762854051/850761032_174700.lF9ZZ_Qg_cYNPFWboAIZKpVBcrmUUmjMsCC0,1733910420,850761032,KZqdUYA0roDN_l2QTEyxLQ==,0,1733946030
6762854051,object_name,2024/12/11/6762854051/850761032_060057.GbpYZ_Sg_cYNPFWboAIZKpVBcrmUUmjMsCC0,1733868057,850761032,ZTV-lOFMVf53apF_0WdT4g==,0,1733875853
6762854051,object_name,2024/12/11/6762854051/850761032_054631.t7ZYZ_Sg_cYNPFWboAIZKpVBcrmUUmjMsCC0,1733867191,850761032,hHxROKyAbv7dcFyQOrwZGQ==,0,1733875851
6762854051,object_name,2024/12/10/6762854051/850761032_171100.pAVYZ_Qg_cYNPFWboAIZKpVBcrmUUmjMsCC0,1733821860,850761032,AsR4axjglF-J9O383rCmHg==,0,1733875849
6762854051,object_name,2024/12/10/6762854051/850761032_065046.RnRXZ_Sg_cYNPFWboAIZKpVBcrmUUmjMsCC0,1733784646,850761032,aJr0pYDUlbuQrHM89zOAcQ==,0,1733875846
6762854051,object_name,2024/12/10/6762854051/850761032_063849.eXFXZ_Sg_cYNPFWboAIZKpVBcrmUUmjMsCC0,1733783929,850761032,9-uLMtsWP61QO9CVM4aHaA==,0,1733784654
6762854051,object_name,2024/12/09/6762854051/850761032_172000.QLZWZ_Qg_cYNPFWboAIZKpVBcrmUUmjMsCC0,1733736000,850761032,OUfNo2hP6W2TIWioH0mDZw==,0,1733784651
6762854051,object_name,2024/12/08/6762854051/850761032_203700.7JJVZ_Qg_cYNPFWboAIZKpVBcrmUUmjMsCC0,1733661420,850761032,CgaZlhYUJ3ksXdkokBeZ-Q==,0,1733683013
6762854051,object_name,2024/12/07/6762854051/850761032_214501.XVFUZ_Sg_cYNPFWboAIZKpVBcrmUUmjMsCC0,1733579101,850761032,sao_PmhRF8lUdvrEcc3p9A==,0,1733591274
6762854051,object_name,2024/12/07/6762854051/850761032_193800.mDNUZ_Qg_cYNPFWboAIZKpVBcrmUUmjMsCC0,1733571480,850761032,O5vg9q8pMQCgGghXLvVX4g==,0,1733591272
6762854051,object_name,2024/12/07/6762854051/850761032_051815.F2pTZ_Sg_cYNPFWboAIZKpVBcrmUUmjMsCC0,1733519895,850761032,Wm1FAEfpnrSHZHl_Qj9DDg==,0,1733591269
6762854051,object_name,2024/12/07/6762854051/850761032_045510.rmRTZ_Sg_cYNPFWboAIZKpVBcrmUUmjMsCC0,1733518510,850761032,WYjroL3fsbXDzaiKV55pBg==,0,1733591266
6762854051,object_name,2024/12/06/6762854051/850761032_173900.NMZSZ_Qg_cYNPFWboAIZKpVBcrmUUmjMsCC0,1733477940,850761032,CHHz6ghhAULmEX0l4B1ixA==,0,1733911435
6762854051,object_name,2024/11/26/6762854051/850761032_062652.rPlEZ_Sg_cYNPFWboAIZKpVBcrmUUmjMsCC0,1732573612,850761032,ku6fAur-qK9z3xqpprg2ww==,0,1732574543
6762854051,object_name,2024/11/25/6762854051/850761032_173500.xEREZ_Qg_cYNPFWboAIZKpVBcrmUUmjMsCC0,1732527300,850761032,L19axK7DGwore2J_uov-5w==,0,1732574541
6762854051,object_name,2024/11/24/6762854051/850761032_201400.iBhDZ_Qg_cYNPFWboAIZKpVBcrmUUmjMsCC0,1732450440,850761032,23mBFfYrsz0fjytCRWkl-w==,0,1732479619
6762854051,object_name,2024/11/23/6762854051/850761032_224600.qOpBZ_Qg_cYNPFWboAIZKpVBcrmUUmjMsCC0,1732373160,850761032,IMPbBeSM5rr0nKXq5qB-zA==,0,1732391824
6762854051,object_name,2024/11/23/6762854051/850761032_041202.kuVAZ_Sg_cYNPFWboAIZKpVBcrmUUmjMsCC0,1732306322,850761032,kNhPkcFmj3ETgJa3EXYGmw==,0,1732391615
6762854051,object_name,2024/11/22/6762854051/850761032_172400.sE1AZ_Qg_cYNPFWboAIZKpVBcrmUUmjMsCC0,1732267440,850761032,QgvtVUuthRMCHwpeeQV-rA==,0,1732302338
6762854051,object_name,2024/11/21/6762854051/850761032_173000.mP0-Z_Qg_cYNPFWboAIZKpVBcrmUUmjMsCC0,1732181400,850761032,ApkAVNf1hMB6_4wL95IkQA==,0,1732185067
6762854051,object_name,2024/11/21/6762854051/850761032_064135.n2U-Z_Sg_cYNPFWboAIZKpVBcrmUUmjMsCC0,1732142495,850761032,pfBbv1AXW-_QWrFYPslNGA==,0,1733946026
6762854051,object_name,2024/11/20/6762854051/850761032_181900.lLc9Z_Qg_cYNPFWboAIZKpVBcrmUUmjMsCC0,1732097940,850761032,ypSKGJHme2vQ0Kql_GKNhA==,0,1732185065
6762854051,object_name,2024/11/20/6762854051/850761032_054041.2QU9Z_Sg_cYNPFWboAIZKpVBcrmUUmjMsCC0,1732052441,850761032,42aQuZRy5orpV27gvI-Z3Q==,0,1732098016
6762854051,object_name,2024/11/20/6762854051/850761032_053420.XAQ9Z_Sg_cYNPFWboAIZKpVBcrmUUmjMsCC0,1732052060,850761032,s21iyXGRkCTYyvYdSgJvAw==,0,1732098014
6762854051,object_name,2024/11/19/6762854051/850761032_172100.fFg8Z_Qg_cYNPFWboAIZKpVBcrmUUmjMsCC0,1732008060,850761032,zC-2rx6k_hWSJ23xy0QTQg==,0,1732098011
6762854051,object_name,2024/11/18/6762854051/850761032_215100.REY7Z_Qg_cYNPFWboAIZKpVBcrmUUmjMsCC0,1731937860,850761032,9jOx5P1Oonf7lg5Y87UMwA==,0,1732009053
6762854051,object_name,2024/11/18/6762854051/850761032_074800.sIA6Z_Qg_cYNPFWboAIZKpVBcrmUUmjMsCC0,1731887280,850761032,Jb_IqqETE5kCI-4AeZHWmA==,0,1732009049
6762854051,object_name,2024/11/17/6762854051/850761032_201500.RN45Z_Qg_cYNPFWboAIZKpVBcrmUUmjMsCC0,1731845700,850761032,wd4nwoL6USVrv3nK67rWgg==,0,1731849440
6762854051,object_name,2024/11/16/6762854051/850761032_210400.QJg4Z_Qg_cYNPFWboAIZKpVBcrmUUmjMsCC0,1731762240,850761032,gTRyY_hSRHjqYwjhtN12Tw==,0,1731849438
6762854051,object_name,2024/11/16/6762854051/850761032_064215.R843Z_Sg_cYNPFWboAIZKpVBcrmUUmjMsCC0,1731710535,850761032,yjPoWWhRxc0qPlEP3IHRag==,0,1731762482
6762854051,object_name,2024/11/16/6762854051/850761032_045200.cLQ3Z_Qg_cYNPFWboAIZKpVBcrmUUmjMsCC0,1731703920,850761032,P7gJciVgkCwb8PQOpYrH_g==,0,1731762480
6762854051,object_name,2024/11/15/6762854051/850761032_173900.tBY3Z_Qg_cYNPFWboAIZKpVBcrmUUmjMsCC0,1731663540,850761032,ACTUKpriAxvVk_fdlV-kTQ==,0,1731762475
6762854051,object_name,2024/11/14/6762854051/850761032_173600.gMQ1Z_Qg_cYNPFWboAIZKpVBcrmUUmjMsCC0,1731576960,850761032,ew73bbiCzJZTZqrxDFFuEQ==,0,1731663622
6762854051,object_name,2024/11/14/6762854051/850761032_062857.KSg1Z_Sg_cYNPFWboAIZKpVBcrmUUmjMsCC0,1731536937,850761032,18s3Wj8Sjhehimm6-tU3YQ==,0,1731541717
6762854051,object_name,2024/11/13/6762854051/850761032_173600.AHM0Z_Qg_cYNPFWboAIZKpVBcrmUUmjMsCC0,1731490560,850761032,E7OBmNOjEfqktym7VhTd4w==,0,1731541714
6762854051,object_name,2024/11/13/6762854051/850761032_053749.rcozZ_Sg_cYNPFWboAIZKpVBcrmUUmjMsCC0,1731447469,850761032,O42xKfsU4xg9whuIDLU5vw==,0,1731541712
6762854051,object_name,2024/11/12/6762854051/850761032_155900.xAozZ_Qg_cYNPFWboAIZKpVBcrmUUmjMsCC0,1731398340,850761032,DSOZYi5hIzILQNDZj1UMkA==,0,1731409779
6762854051,object_name,2024/11/12/6762854051/850761032_070757.TY4yZ_Sg_cYNPFWboAIZKpVBcrmUUmjMsCC0,1731366477,850761032,QBmRzs1KDBUIwKr8Jp-dWQ==,0,1731374234
6762854051,object_name,2024/11/11/6762854051/850761032_172900.XM4xZ_Qg_cYNPFWboAIZKpVBcrmUUmjMsCC0,1731317340,850761032,p4DRx9DxYVsSrMtndWXK_A==,0,1731374231
6762854051,object_name,2024/11/10/6762854051/850761032_213700._LYwZ_Qg_cYNPFWboAIZKpVBcrmUUmjMsCC0,1731245820,850761032,6k5_dTDs9KvVxdBNDnckUw==,0,1731374229
6762854051,object_name,2024/11/09/6762854051/850761032_205815.Z1wvZ_Sg_cYNPFWboAIZKpVBcrmUUmjMsCC0,1731157095,850761032,ilXeKML5PZ59CgvIqrNZqQ==,0,1731246672
6762854051,object_name,2024/11/09/6762854051/850761032_191500.NEQvZ_Qg_cYNPFWboAIZKpVBcrmUUmjMsCC0,1731150900,850761032,M0ypAcyeg26BIDAPttaPCg==,0,1731246669
6762854051,object_name,2024/11/09/6762854051/850761032_071215.z5ouZ_S4_cYNPFWboAIZKpVBcrmUUmjMsCC0,1731107535,850761032,1nJ9D6puQPgTUK4Iu2ARPg==,0,1731151075
6762854051,object_name,2024/11/09/6762854051/850761032_050127.J3wuZ_Sg_cYNPFWboAIZKpVBcrmUUmjMsCC0,1731099687,850761032,YZ68LPKJN8UHtlNJK8G5CA==,0,1731151072
6762854051,object_name,2024/11/08/6762854051/850761032_172600.KNktZ_Qg_cYNPFWboAIZKpVBcrmUUmjMsCC0,1731057960,850761032,ZfB87Vmq9QiPtw2ibG3kwg==,0,1731151070
6762854051,object_name,2024/11/07/6762854051/850761032_173400.iIksZ_Qg_cYNPFWboAIZKpVBcrmUUmjMsCC0,1730972040,850761032,2MlooMG2h6A8KcpKc5krcQ==,0,1731045166
6762854051,object_name,2024/11/07/6762854051/850761032_065442.svMrZ_Sg_cYNPFWboAIZKpVBcrmUUmjMsCC0,1730933682,850761032,_wOhLW2zTdKrT31wYQTG0A==,0,1730938723
6762854051,object_name,2024/11/06/6762854051/850761032_175600.MD0rZ_Qg_cYNPFWboAIZKpVBcrmUUmjMsCC0,1730886960,850761032,brUSJjoznYVMpRqLoe9GpA==,0,1730938721
6762854051,object_name,2024/11/06/6762854051/850761032_055456.MJQqZ_Sg_cYNPFWboAIZKpVBcrmUUmjMsCC0,1730843696,850761032,k3-R8i4bFgQQR_oSihLNgw==,0,1730938718
6762854051,object_name,2024/11/05/6762854051/850761032_174400.4OgpZ_Qg_cYNPFWboAIZKpVBcrmUUmjMsCC0,1730799840,850761032,LxSAHAAgsUahg1PPd4W5bQ==,0,1730807014
6762854051,object_name,2024/11/05/6762854051/850761032_064050.ck0pZ_Sg_cYNPFWboAIZKpVBcrmUUmjMsCC0,1730760050,850761032,cGYi-5OhLwNqoEGaPrt_dA==,0,1730767213
6762854051,object_name,2024/11/04/6762854051/850761032_172900.3JMoZ_Qg_cYNPFWboAIZKpVBcrmUUmjMsCC0,1730712540,850761032,HDrHGHegWfDvNsNv3MbWTA==,0,1730767209
6762854051,object_name,2024/11/03/6762854051/850761032_211400.GHcnZ_Qg_cYNPFWboAIZKpVBcrmUUmjMsCC0,1730639640,850761032,dWMSLbIdjumXwRLmCO6kqg==,0,1730669126
6762854051,object_name,2024/11/02/6762854051/850761032_204413.nR4mZ_Sg_cYNPFWboAIZKpVBcrmUUmjMsCC0,1730551453,850761032,P-wArHfhpbvFGkJpdB3QTw==,0,1730558531
6762854051,object_name,2024/11/02/6762854051/850761032_194200.CBAmZ_Qg_cYNPFWboAIZKpVBcrmUUmjMsCC0,1730547720,850761032,80dXA7rVNYlm8truJrKb6A==,0,1730551386
6762854051,object_name,2024/11/02/6762854051/850761032_050458.ekIlZ_Sg_cYNPFWboAIZKpVBcrmUUmjMsCC0,1730495098,850761032,LFwEn14ujVElmm2piknN1Q==,0,1730513464
6762854051,object_name,2024/11/01/6762854051/850761032_173500.xKAkZ_Qg_cYNPFWboAIZKpVBcrmUUmjMsCC0,1730453700,850761032,7TkgnnIiELRkVQEdZCITPg==,0,1730513462
6762854051,object_name,2024/10/31/6762854051/850761032_173000.GE4jZ_Qg_cYNPFWboAIZKpVBcrmUUmjMsCC0,1730367000,850761032,eMGilY41-NBzy_fn69Yg7Q==,0,1730446672
6762854051,object_name,2024/10/31/6762854051/850761032_054659.U6kiZ_Sg_cYNPFWboAIZKpVBcrmUUmjMsCC0,1730324819,850761032,4cuNw9jEOnwxWEP6irpxzQ==,0,1730446670
6762854051,object_name,2024/10/30/6762854051/850761032_211000.KDAiZ_Qg_cYNPFWboAIZKpVBcrmUUmjMsCC0,1730293800,850761032,fOKkHSbPP8kWGRxAE6kr2w==,0,1730446667
6762854051,object_name,2024/10/30/6762854051/850761032_054355.G1chZ_Sg_cYNPFWboAIZKpVBcrmUUmjMsCC0,1730238235,850761032,7CBB53wrU-A1VphYQwFLyg==,0,1730294722
6762854051,object_name,2024/10/29/6762854051/850761032_173500.RKwgZ_Qg_cYNPFWboAIZKpVBcrmUUmjMsCC0,1730194500,850761032,8qyTPXsC28C_mlwckGcKqA==,0,1730294720
6762854051,object_name,2024/10/29/6762854051/850761032_065437.LRYgZ_Sg_cYNPFWboAIZKpVBcrmUUmjMsCC0,1730156077,850761032,NRsw02NlTGO4d7JZbxK0NQ==,0,1730194705
6762854051,object_name,2024/10/28/6762854051/850761032_173400.iFofZ_Qg_cYNPFWboAIZKpVBcrmUUmjMsCC0,1730108040,850761032,w_6KoA6h-UFBerdB76uB5Q==,0,1730194702
6762854051,object_name,2024/10/27/6762854051/850761032_212700.pD8eZ_Qg_cYNPFWboAIZKpVBcrmUUmjMsCC0,1730035620,850761032,-ahNDMHsHcQvajFm4bF89w==,0,1730108064
6762854051,object_name,2024/10/26/6762854051/850761032_210519.D-kcZ_Sg_cYNPFWboAIZKpVBcrmUUmjMsCC0,1729947919,850761032,lASrMi_8nrHXZCeIFMBZoA==,0,1730008773
6762854051,object_name,2024/10/26/6762854051/850761032_194100.TNUcZ_Qg_cYNPFWboAIZKpVBcrmUUmjMsCC0,1729942860,850761032,3nrGDbAZDZqLfPbej85ZbQ==,0,1730008770
6762854051,object_name,2024/10/25/6762854051/850761032_172200.OGMbZ_Qg_cYNPFWboAIZKpVBcrmUUmjMsCC0,1729848120,850761032,Nx5SGmG1T6LMeAMc97UYWA==,0,1730513468
6762854051,object_name,2024/10/24/6762854051/850761032_173800.eBUaZ_Qg_cYNPFWboAIZKpVBcrmUUmjMsCC0,1729762680,850761032,Unq_9qu4e8nCbkQHCeIQqQ==,0,1729775273
6762854051,object_name,2024/10/24/6762854051/850761032_064039.Z3sZZ_Sg_cYNPFWboAIZKpVBcrmUUmjMsCC0,1729723239,850761032,IFHurTmsK7Rh6xIeel70QA==,0,1729762900
6762854051,object_name,2024/10/23/6762854051/850761032_173000.GMIYZ_Qg_cYNPFWboAIZKpVBcrmUUmjMsCC0,1729675800,850761032,VDE8iB7mecOSkjACUCQm2w==,0,1729762897
6762854051,object_name,2024/10/23/6762854051/850761032_054242.UhwYZ_Sg_cYNPFWboAIZKpVBcrmUUmjMsCC0,1729633362,850761032,-APlwgjPd8ZC3yzryLWFMA==,0,1729647566
